1/mu_DCK	A_P	A_S	A_IH
20	0.998259001	0.998244349	0.997594466
60	0.998239465	0.998224813	0.997559701
100	0.998219930	0.998205278	0.997525150
140	0.998201147	0.998186496	0.997491890
180	0.998180862	0.998166211	0.997455919
220	0.998158888	0.998144237	0.997416899
260	0.998143192	0.998128542	0.997389005
300	0.998122266	0.998107616	0.997351771