Availability,Cost,Redundancies
0.99,36.5,"[1, 1, 1]"
0.9999,73.0,"[2, 2, 2]"
0.99999,82.0,"[2, 3, 2]"
0.9999915440406028,82.0,"[3, 2, 2]"
0.9999945698246031,91.0,"[3, 3, 2]"
0.9999939252373063,91.5,"[2, 2, 3]"
0.999999,109.5,"[3, 3, 3]"
